STUDY,PATNUM,INSTANCE,VSDAT,VSTIM,SUBPOS,HEIGHT,WEIGHT,TEMP,SYSBP,DIABP,PULSE
TRACE-MID,701-1001,Screening 1,03-Jan-2025,08:00:00,Sitting,165,62.4,36.6,118,76,68
TRACE-MID,701-1001,Week 2,19-Jan-2025,08:10:30,Sitting,165,62.1,36.8,116,74,66
TRACE-MID,701-1002,Screening 1,04-Jan-2025,09:00:15,Supine,178,81.2,37.0,132,84,72
TRACE-MID,701-1002,Week 2,20-Jan-2025,09:05:45,Supine,178,80.6,36.9,128,82,70
TRACE-MID,702-1003,Screening 1,05-Jan-2025,07:30:20,Standing,160,55.8,36.5,110,70,64
TRACE-MID,702-1003,Week 2,21-Jan-2025,07:35:50,Standing,160,56.0,36.7,112,72,65
TRACE-MID,702-1004,Screening 1,06-Jan-2025,10:15:05,Sitting,172,74.5,36.8,124,78,69
TRACE-MID,702-1004,Week 2,22-Jan-2025,10:20:35,Sitting,172,74.0,36.7,122,76,68
TRACE-MID,703-1005,Screening 1,07-Jan-2025,11:45:40,Supine,168,68.3,37.1,126,80,75
TRACE-MID,703-1005,Week 2,23-Jan-2025,11:50:10,Supine,168,67.9,36.9,120,78,71
TRACE-MID,703-1006,Screening 1,08-Jan-2025,06:40:25,Standing,181,88.7,36.4,138,88,78
TRACE-MID,703-1006,Week 2,24-Jan-2025,06:45:55,Standing,181,88.1,36.6,134,86,74
